FEMALE,MALE,HEIGHT,WEIGHT,HEAD_WIDTH,SHOULDER_WIDTH,WAIST_WIDTH,WAIST_LENGTH,HIP_WIDTH,HIP_LENGTH,THIGH_WIDTH,THIGH_LENGTH,KNEE_WIDTH,KNEE_LENGTH,WTR,WHpR,WHdR,HpHdR,WTR(Length),WHpR(Length),ShWR,ShHpR,ShThR
0,1,0.337380952,69.1,0.169318052,0.175140272,0.11736776,-0.254203525,0.16498228,-0.276611378,0.143341142,0.088247037,0.0415334,0.128745106,-0.033036913,-0.050283863,-0.015455189,0.005066343,-0.41251506,0.026656935,0.020580471,-0.008639288,0.000762451
0,1,0.031834685,76.7,0.025388367,0.03778937,0.054125686,0.152904066,0.021369476,0.072964393,-0.009601888,0.043818245,0.009562895,-0.057964637,0.066239857,0.037669528,0.027830155,-0.001763964,0.078670237,0.082285398,-0.014212487,0.018123028,0.047814173
0,1,0.036287736,71.5,0.128019569,0.04917859,0.038649683,0.099142982,0.032105784,0.072401033,0.07921859,0.048667775,0.021626006,-0.003731379,-0.030395523,0.015138643,-0.062177522,-0.07123058,0.037053746,0.032810871,0.015883869,0.022873268,-0.021555818
1,0,-0.001466365,50,-0.012935376,-0.118987987,-0.086580306,-0.070528129,0.017080604,-0.061175979,-0.082420828,-0.049539301,-0.237771007,-0.116598417,0.00543169,-0.094491004,-0.057606428,0.036605516,-0.005326904,0.003685466,-0.027172044,-0.126900077,-0.031062061
0,1,0.060585754,86.8,0.106501696,0.158661504,0.101652877,0.131853711,0.059921072,0.112450837,0.116777962,0.271953657,0.386900574,0.234626802,0.001686978,0.056848332,0.011361604,-0.024251121,-0.093719651,0.031317517,0.065401492,0.100942497,0.049477444
0,1,0.05530586,56.7,0.099627919,0.046317777,0.026047981,0.093196034,-0.003268263,0.086655957,0.083800943,0.006560012,0.054008735,0.033459556,-0.034356632,0.0503296,-0.040886117,-0.067600354,0.082860102,0.024120078,0.037549007,0.063670441,-0.016231843
0,1,0.051387597,55,0.022792055,-0.001008534,0.031326294,0.077500985,-0.01432822,0.082351154,0.002116947,0.081560431,0.018438132,0.00598679,0.052427267,0.07170789,0.028333154,-0.01304074,0.005672072,0.017104465,-0.010439086,0.032749021,0.017407969
0,1,0.048837636,64.7,0.099860808,0.092304996,0.024235786,0.109583999,0.060904059,0.205517615,0.0648998,0.031878828,0.358952222,0.186194047,-0.011769723,-0.006785899,-0.035862382,-0.007392558,0.077584193,-0.061479094,0.093534398,0.052522845,0.049927373
1,0,-0.031209951,43.9,0.013742721,-0.076559007,-0.047868924,-0.085114243,-0.02344113,-0.016425641,-0.086713994,-0.064821676,-0.08093722,0.069513399,0.074760225,0.005534082,-0.027838611,-0.006429126,0.012593817,-0.041408963,-0.002475236,-0.025693363,0.038458751
1,0,-0.015881347,57.5,0.062439514,0.050937046,0.036318884,0.013835538,0.073586178,0.055940733,0.067815808,0.029888234,0.060686299,-0.088059716,0.004652007,0.001080532,0.010054841,0.0420003,0.010086283,-0.007512583,0.047832621,0.011921504,0.016717508
0,1,0.040333354,70.6,0.050566501,0.032050448,0.092919504,0.098234727,0.069183034,0.054623276,0.090799589,0.148615736,0.198033027,0.109842869,0.04087265,0.063850299,0.072832832,0.052365087,-0.019408876,0.081200453,-0.019705253,0.00240883,-0.016804527
0,1,0.086937235,56.7,0.036852669,0.012213267,-0.041087154,0.090399806,-0.080914945,0.057133852,-0.019036364,-0.035269833,-0.090693997,0.018721423,0.018576651,0.089414648,-0.030542878,-0.068264894,0.147560628,0.074621739,0.099990035,0.138318442,0.071684194
1,0,0.021084499,60,0.037792162,0.066773215,0.070119806,0.022606654,0.089117089,0.034832894,-0.011691254,0.013690281,-0.061351071,0.109976876,0.133364396,0.030312611,0.071601502,0.09016405,0.04115476,0.033555338,0.041857986,0.023181553,0.123809578
0,1,0.095718913,73.2,0.053521777,0.092539508,0.070850356,0.074526099,0.039897135,0.070580108,0.034458851,-0.001317628,0.104159621,0.042439234,0.086808504,0.083389111,0.061764991,0.034524653,0.102769822,0.052679806,0.0701108,0.095599575,0.10371642
0,1,0.142522504,78.2,0.083924559,0.123506518,0.135448031,0.15727748,0.190103661,0.147539911,0.159130646,0.057684735,0.296502308,0.125266055,0.033348952,0.009573802,0.094753743,0.144199803,0.113184319,0.059189898,0.042076004,-0.002410206,0.021003941
1,0,0.048705332,54,0.021701153,-0.022366691,0.122744367,-0.035848406,0.123654074,-0.027139076,0.048535658,-0.079217384,0.154855784,0.06884136,0.132286598,0.059636279,0.146212273,0.150229527,0.096430642,0.050053457,-0.077778357,-0.071973847,-0.01433226
1,0,0.052995725,55.7,-0.018855218,0.063709464,0.063323848,-0.016058177,0.085265021,-0.008533716,0.068489054,0.05989904,0.081730758,0.020438506,0.056204653,0.042512294,0.135340746,0.160646595,-0.019106214,0.054646923,0.059173712,0.038344515,0.053996844
0,1,0.102348628,56.7,0.116157776,0.056727428,0.091863346,0.130306689,0.054023045,0.036876628,0.106085333,0.023830393,0.054826579,0.215315642,0.051809929,0.106166945,0.040968993,0.008322048,0.136286559,0.162881451,0.029735336,0.063747273,0.017257966
0,1,0.130791707,55.8,0.098907425,0.145649507,0.022571753,-0.018327919,0.029164726,0.055404454,-0.007376305,-0.058362259,-0.218049797,-0.066684179,0.101216277,0.064005752,-0.001057718,0.003823968,0.098672835,-0.007922508,0.191659927,0.178298873,0.227001432
0,1,0.108652582,73.2,0.132123546,0.101567435,0.09129857,0.139869431,0.05368241,0.055900942,0.070787823,0.10450095,0.188386845,0.08305051,0.093083447,0.113729034,0.034764509,0.002413269,0.072094908,0.158465474,0.079329675,0.113545637,0.09896793
0,1,0.077937389,57.2,0.055777521,0.025190234,0.061232125,0.098500032,0.034256407,0.085917053,0.136600204,0.112455045,0.184821746,0.064905383,0.006475346,0.106959329,0.075729309,0.051976886,0.037267257,0.086823618,0.037823123,0.062153231,-0.026737827
0,1,0.134364198,57.8,0.078055289,0.179610002,0.076586442,0.119543222,0.080371696,0.114199682,0.107968022,0.06786658,0.028707413,0.11166442,0.05019616,0.078657231,0.07337204,0.078101797,0.09608058,0.082252903,0.176775599,0.167636145,0.143911571
1,0,0.089646725,55.8,0.024633086,0.080460147,0.089067319,-0.016727148,0.149779362,-0.018855981,0.138466761,0.008118747,0.142021404,0.047856663,0.038159101,0.030005316,0.138532555,0.201351899,0.042471235,0.08776513,0.072082796,0.018963373,0.028262359
1,0,-0.014448962,43.8,-0.046871569,-0.016898322,-0.102732401,-0.058627672,-0.065042916,0.016853922,-0.040011176,0.045494492,-0.058782878,-0.010089121,0.013745765,0.042310119,0.019542832,0.061384299,-0.02343855,0.004027294,0.190106163,0.134758721,0.10926309
0,1,0.123153361,66.6,0.145433562,0.138657245,0.12866223,0.083978183,0.074441368,0.092799341,0.109177934,0.02478561,0.197956385,0.147151421,0.111260491,0.149774286,0.072139062,0.026243764,0.119409542,0.080084965,0.096646453,0.146417228,0.115708839
1,0,0.021993907,51.5,0.109040338,0.084031862,0.105737635,0.05757191,0.086508382,0.040855627,0.129977186,0.156697033,0.160108873,0.000665324,0.072637743,0.117142604,0.086105122,0.070235995,-0.012835246,0.112488005,0.070233949,0.086342324,0.049004851
1,0,-0.002214423,49.1,0.031373896,0.027081149,0.00951086,0.010595848,0.018882722,0.006711958,-0.07179268,0.014171352,0.10835851,-0.133570092,0.199987274,0.089965329,0.06968225,0.080759975,0.072686609,0.103646787,0.113260334,0.099728637,0.212620364
0,1,0.114264472,50.8,0.107112161,0.051677894,0.010290017,0.019829878,0.060789162,0.015593227,0.076042463,0.04578102,0.400210474,0.099152478,0.034922723,0.050976638,0.009942962,0.055523264,0.053261919,0.10726054,0.142632848,0.086299818,0.073917683
0,1,0.163682815,80.4,0.109987916,0.119235322,0.204641175,0.186948676,0.208507278,0.191898793,0.249756508,0.243593363,0.554443071,0.144263634,0.068797191,0.106182818,0.18358436,0.190885592,0.024073122,0.096064785,0.02790029,0.025758539,-0.00474859
1,0,0.085167601,66.3,0.034612166,0.133672531,0.258161887,0.179121762,0.224603591,0.154134373,0.133159911,0.155987986,0.313776831,0.0961641,0.232437619,0.143305588,0.319747869,0.2939036,0.087976718,0.129104567,0.003274887,0.029085018,0.106661114
0,1,0.197774972,69.1,0.169461685,0.169774468,0.161680965,0.043428014,0.171662548,0.037754373,0.16787913,0.139781426,0.245655382,0.167531355,0.108154786,0.107010142,0.100427785,0.110474841,0.002310489,0.118640811,0.116804392,0.10562444,0.111651251
0,1,0.163033978,76.7,0.150046603,0.159340846,0.175815226,0.272798448,0.144589655,0.188878363,0.113279466,0.148854551,0.240200046,0.052636247,0.18025766,0.150476367,0.132190899,0.107062323,0.170511056,0.189141957,0.098001444,0.123817084,0.157806086
0,1,0.167535936,71.5,0.252432376,0.170802723,0.160494442,0.219016624,0.15536422,0.188296747,0.201834507,0.153738157,0.252073444,0.1058744,0.083272175,0.128368435,0.043683832,0.039266247,0.128662703,0.143134691,0.125991787,0.127774025,0.08963133
1,0,0.129791565,50,0.112017974,0.003299099,0.035786351,0.049324778,0.140365296,0.054701483,0.040549304,0.055995441,-0.004911975,-0.006476623,0.118603356,0.022709034,0.0468754,0.144973275,0.086050777,0.11584718,0.084519752,-0.009178702,0.079471938
0,1,0.191829716,86.8,0.231165193,0.280454004,0.223593566,0.251685885,0.183075517,0.22831005,0.239526195,0.376900315,0.617384457,0.343890536,0.114408618,0.169683563,0.115642105,0.083915942,-0.002572663,0.14145371,0.173106819,0.20706843,0.159428242
0,1,0.186547228,56.7,0.22427111,0.168095366,0.148007531,0.213007479,0.120041136,0.202496923,0.20653597,0.111802406,0.284407186,0.142909682,0.077952711,0.162669558,0.063193446,0.040366384,0.17377698,0.134206364,0.145896192,0.169419966,0.09334732
0,1,0.182626146,55,0.147548729,0.120754146,0.153266232,0.197291705,0.108986848,0.198173877,0.124845004,0.186693497,0.248751182,0.115433378,0.164247666,0.183554747,0.132212165,0.094726044,0.096359421,0.127130391,0.099277219,0.138123471,0.126616752
0,1,0.180073141,64.7,0.224436634,0.214052768,0.146161997,0.229353997,0.184060046,0.321322098,0.187602396,0.137050935,0.589179903,0.295410073,0.099601907,0.104570023,0.067816464,0.100174643,0.168042593,0.052684998,0.199110063,0.157523552,0.158767028
1,0,0.100035289,43.9,0.138449799,0.04517386,0.074074486,0.034635037,0.099853889,0.099360603,0.035990589,0.04044541,0.149205123,0.178823476,0.185684886,0.116401223,0.075640455,0.100938861,0.102823845,0.068659304,0.106218667,0.078934926,0.146930526
1,0,0.115355281,57.5,0.187020009,0.172655008,0.158205151,0.133564103,0.196704919,0.171708743,0.19049187,0.135040846,0.290743336,0.021389084,0.115131494,0.111461038,0.113334513,0.149169442,0.100088516,0.102083856,0.154333507,0.116178696,0.124822647
0,1,0.171566518,70.6,0.175136273,0.153753509,0.214761759,0.217942581,0.192292563,0.170373054,0.213458234,0.253679751,0.428004789,0.219041764,0.150908749,0.173746306,0.175913493,0.159335752,0.070366137,0.190327087,0.088879274,0.106296241,0.090935214
0,1,0.218166935,56.7,0.16141524,0.133901428,0.080801754,0.210086954,0.042416836,0.172865401,0.103604866,0.069880252,0.139192523,0.127986434,0.128171143,0.198828282,0.072339156,0.038507662,0.237108995,0.183280583,0.203868229,0.241837383,0.179059773
1,0,0.152310733,60,0.162319513,0.188446478,0.191938728,0.142273097,0.21230409,0.150546216,0.110932565,0.118792035,0.168450238,0.219108619,0.242519052,0.13924599,0.174285292,0.196738864,0.130477053,0.141748397,0.147488018,0.126333332,0.230822226
0,1,0.226941683,73.2,0.177985636,0.214197874,0.192651849,0.194171843,0.16306792,0.186275207,0.15706526,0.103772724,0.33387575,0.151611332,0.19552509,0.191844342,0.164250919,0.140902091,0.191866612,0.160409077,0.174357245,0.198385493,0.210367363
0,1,0.27374181,78.2,0.208296884,0.245149989,0.25720172,0.276902526,0.313258235,0.263216789,0.281719648,0.162720971,0.526133289,0.234314128,0.141629225,0.117552985,0.197042191,0.25038023,0.202056175,0.166457367,0.146982702,0.10001115,0.127294401
1,0,0.179921174,54,0.146159092,0.099261888,0.244487025,0.083755948,0.246792437,0.088519584,0.171107255,0.025877811,0.384401649,0.177917666,0.24013231,0.167141502,0.24830362,0.256213309,0.185078132,0.156861106,0.03111268,0.03008424,0.091598937
1,0,0.184208102,55.7,0.105646879,0.185323152,0.185077697,0.103525487,0.208387175,0.107106729,0.191043249,0.164928451,0.311191538,0.129534268,0.163617547,0.149545639,0.237235372,0.266434095,0.069317475,0.160996722,0.164875889,0.14004062,0.159569991
0,1,0.233557542,56.7,0.240407037,0.178326226,0.213586548,0.249869668,0.177128994,0.152498861,0.228622128,0.128839754,0.284202305,0.324164914,0.158791743,0.212730482,0.142667277,0.113913631,0.224487013,0.268775363,0.135077191,0.165082682,0.122474275
0,1,0.261997157,55.8,0.223150579,0.267233418,0.144310844,0.101214378,0.15225447,0.171008478,0.115143092,0.046627054,0.011240908,0.042439974,0.207768741,0.170101544,0.100444603,0.109219995,0.186650619,0.097517471,0.296642689,0.279274864,0.331862107
0,1,0.239854567,73.2,0.256280925,0.223136461,0.212987901,0.259391049,0.176755952,0.17148676,0.193289826,0.20947022,0.417592559,0.191977511,0.199208283,0.219359134,0.136071245,0.107614104,0.159850583,0.263453466,0.183954567,0.214163485,0.203474174
0,1,0.209135911,57.2,0.180022111,0.146744376,0.182918693,0.218000974,0.15731375,0.201484667,0.259084815,0.217404275,0.413942502,0.173818811,0.112174272,0.212125781,0.176840836,0.15698289,0.124801383,0.19136156,0.142091365,0.162414205,0.077415184
0,1,0.265559256,57.8,0.202231372,0.301149263,0.198248643,0.239023493,0.203412841,0.229749096,0.230435243,0.172795774,0.257743242,0.220493328,0.155470885,0.18336207,0.174288735,0.18291333,0.183393718,0.186342725,0.280688407,0.267541512,0.247712543
1,0,0.22083832,55.8,0.148860186,0.201984527,0.210706524,0.102732455,0.272804312,0.096675235,0.260916595,0.113027909,0.370972337,0.156721942,0.143011326,0.134250568,0.239254793,0.305969322,0.129563941,0.191408753,0.175641382,0.118514394,0.131712482
1,0,0.116739169,43.8,0.077435079,0.10461118,0.018980973,0.060811267,0.05796584,0.132366944,0.082421273,0.150383626,0.17008319,0.098806111,0.118177186,0.146097802,0.120070987,0.16580797,0.063434282,0.10722663,0.293311734,0.233956653,0.21236355
0,1,0.254338028,66.6,0.269632862,0.260151871,0.250309674,0.203396461,0.197433932,0.208294171,0.231593,0.129654719,0.42673762,0.255841367,0.215272797,0.253106408,0.172473509,0.130474043,0.206063055,0.182841919,0.199500213,0.245263324,0.218460817
1,0,0.153175111,51.5,0.233206312,0.205511613,0.227368022,0.176969531,0.209484758,0.156332267,0.252374872,0.261546122,0.388805307,0.109482064,0.176232617,0.220021164,0.186246234,0.174273241,0.073599501,0.214804473,0.172737097,0.184837831,0.151409525
1,0,0.128963318,49.1,0.155506553,0.148546028,0.131124191,0.129972815,0.141842911,0.122170413,0.050587629,0.119000425,0.336970174,-0.02463999,0.303166391,0.192392319,0.169630399,0.184604544,0.158903142,0.205524657,0.215414064,0.197874799,0.314678909
0,1,0.245438749,50.8,0.23121151,0.173127901,0.131886294,0.139186195,0.183733165,0.131033498,0.198405397,0.150590079,0.628737399,0.207903159,0.137687751,0.152954039,0.10969852,0.159175514,0.13926079,0.208701693,0.244438353,0.184097874,0.175631268
0,1,0.29485363,80.4,0.234053967,0.24067046,0.326220402,0.306284346,0.331435099,0.307320884,0.372102069,0.348382413,0.78288529,0.25298096,0.171149791,0.207712604,0.283147699,0.294345879,0.109854879,0.197071093,0.129358756,0.123209723,0.096621201
1,0,0.216334952,66.3,0.158644927,0.255092802,0.379724065,0.29843679,0.347515232,0.269538286,0.255488102,0.260757031,0.542134374,0.204848081,0.334379448,0.244389724,0.419119358,0.397172279,0.173541911,0.229677894,0.104387496,0.12619056,0.207688273
0,1,0.32893886,69.1,0.293461164,0.291179874,0.283226098,0.162722402,0.29455801,0.153140112,0.290189954,0.244530469,0.47392828,0.276182001,0.209687492,0.207650584,0.199607795,0.213552266,0.087659663,0.218783012,0.217572324,0.202385567,0.212336936
0,1,0.294194404,76.7,0.274012811,0.280731388,0.297343315,0.3920722,0.267468941,0.30424593,0.235572924,0.253583597,0.468388331,0.161253568,0.281382884,0.250675062,0.231179798,0.20994885,0.255644758,0.288854881,0.198425875,0.220235017,0.258151452
0,1,0.298692899,71.5,0.37636532,0.292178404,0.282005489,0.338269744,0.278227331,0.303646145,0.324110603,0.258447209,0.480177148,0.214458407,0.183991553,0.228127322,0.142481989,0.141962228,0.213581476,0.242420178,0.226073887,0.223849982,0.189637527
1,0,0.260945066,50,0.235917665,0.12465992,0.15728036,0.168557269,0.263212235,0.170032715,0.16280804,0.160684504,0.223107179,0.102074079,0.218918516,0.122030044,0.145483182,0.247479064,0.170755163,0.214707063,0.184260688,0.086556492,0.179140112
0,1,0.322979754,86.8,0.355031639,0.401799966,0.345070538,0.370897751,0.305906286,0.343623118,0.361767573,0.481569391,0.845319091,0.452407945,0.214321183,0.268568618,0.214059879,0.186231891,0.081917879,0.239889812,0.272507753,0.302464069,0.258759536
0,1,0.317693803,56.7,0.348104319,0.289426471,0.269467469,0.332198724,0.242855738,0.317791831,0.328759992,0.2164515,0.512257333,0.251393807,0.177464297,0.261120571,0.161421578,0.142492844,0.258054217,0.232220503,0.244958284,0.264477254,0.192342872
0,1,0.31376926,55,0.271348711,0.242070397,0.274709139,0.316462332,0.231785284,0.313450627,0.247051674,0.291322612,0.476516872,0.223884229,0.263359882,0.281573624,0.23025102,0.196663367,0.180423891,0.224724375,0.198001624,0.232843609,0.225277698
0,1,0.311212792,64.7,0.348203397,0.335354167,0.267587875,0.34850401,0.306842318,0.436580693,0.309791716,0.241660076,0.816861168,0.403827661,0.198316356,0.20215866,0.165666407,0.201923178,0.251894833,0.149860628,0.297497932,0.251907735,0.257094497
1,0,0.231171478,43.9,0.262183353,0.166460407,0.195483336,0.153764439,0.222619999,0.214601047,0.15816256,0.145034579,0.376801995,0.287207811,0.284003165,0.213561509,0.173301851,0.202498958,0.186464392,0.165418373,0.204271148,0.172984346,0.244925647
1,0,0.246488008,57.5,0.310720362,0.293926707,0.279596977,0.252672897,0.31945487,0.286931037,0.312646496,0.239610049,0.518255845,0.129740176,0.213055192,0.208194853,0.210807724,0.250541451,0.183517904,0.198428151,0.252051743,0.209894539,0.222486542
0,1,0.302695783,70.6,0.298803434,0.27501036,0.336136562,0.337030772,0.315026358,0.285577202,0.335595517,0.358228991,0.655432967,0.327359623,0.24843945,0.270055522,0.273198883,0.260520021,0.153584899,0.286258385,0.186264403,0.199679691,0.188269004
0,1,0.349292737,56.7,0.285049218,0.255143434,0.202159538,0.329154544,0.165134475,0.288051406,0.225724809,0.174409532,0.366536401,0.23627107,0.225310423,0.294714762,0.169437086,0.139504538,0.320117662,0.278800654,0.300921388,0.33488962,0.276064573
1,0,0.283433074,60,0.285920318,0.30967364,0.313279495,0.261320091,0.335005576,0.265714081,0.233035169,0.22330136,0.395709847,0.327360043,0.339268483,0.23471159,0.271196123,0.297548694,0.213276157,0.236859004,0.244210337,0.21905553,0.327499148
0,1,0.358060562,73.2,0.301553276,0.335410194,0.313975601,0.313198244,0.285753256,0.301424934,0.279150529,0.208262096,0.561051122,0.259829554,0.291886236,0.28689091,0.260975012,0.241525222,0.27445668,0.255111976,0.270749853,0.290778823,0.306717515
0,1,0.404857228,78.2,0.331831368,0.36634747,0.378508459,0.395908338,0.435927422,0.378348382,0.403787583,0.267190395,0.753224455,0.342499157,0.237603645,0.21218236,0.293579905,0.350817008,0.284437736,0.260754306,0.243046724,0.192076778,0.223318888
1,0,0.31103313,54,0.269660429,0.22044453,0.365776754,0.202741174,0.369445478,0.203633045,0.29315786,0.130327291,0.611408639,0.286069515,0.335721555,0.261355515,0.344655315,0.356464078,0.267251712,0.250753824,0.126849234,0.121823328,0.187298859
1,0,0.315316597,55.7,0.229115077,0.306490958,0.306350418,0.222490131,0.331024071,0.222202061,0.313076526,0.269357991,0.538114385,0.237652944,0.258823165,0.243346113,0.333401407,0.366499201,0.1512836,0.254486952,0.260286093,0.231454327,0.254946446
0,1,0.364662575,56.7,0.363842105,0.299479198,0.334842263,0.368813733,0.299749747,0.267576067,0.350638079,0.233249357,0.51104104,0.432250429,0.253615271,0.306119233,0.238648009,0.213793416,0.306246206,0.361864831,0.230162156,0.256172161,0.217528355
0,1,0.393098729,55.8,0.346552527,0.388371557,0.265549557,0.220137867,0.274859084,0.286067561,0.23714172,0.151016724,0.237995561,0.150492337,0.302211714,0.263080378,0.196240389,0.208914804,0.268203403,0.190207895,0.391403525,0.370041265,0.426594903
0,1,0.370952678,73.2,0.379649762,0.344259768,0.334209613,0.378293966,0.299344428,0.286527722,0.315271133,0.313839961,0.644263162,0.299996734,0.293272228,0.311929851,0.231682441,0.207124278,0.241197478,0.355746556,0.278392378,0.304607954,0.297886771
0,1,0.340230561,57.2,0.303357845,0.267852854,0.304123407,0.336883324,0.279886089,0.316507512,0.381048803,0.321754091,0.640529085,0.281804902,0.20586071,0.304290172,0.272267798,0.256308772,0.205942909,0.28325902,0.236207252,0.252537885,0.171508665
0,1,0.396650445,57.8,0.325534011,0.422242914,0.319436361,0.357885278,0.325969047,0.344753826,0.352381915,0.277125668,0.484245837,0.328446298,0.248781331,0.275121918,0.269531818,0.282055261,0.264330394,0.27784625,0.374483468,0.35734554,0.341487986
1,0,0.351926048,55.8,0.272129741,0.323063353,0.331877248,0.221573679,0.395344386,0.211661853,0.382845954,0.217337886,0.597390976,0.264641803,0.235947289,0.225607651,0.334314351,0.404927642,0.210296285,0.282520032,0.26911671,0.207999904,0.225170962
1,0,0.247823437,43.8,0.200671558,0.225675182,0.140134706,0.179631933,0.180489784,0.247335452,0.204333322,0.254673689,0.396417903,0.206692871,0.210740169,0.237053886,0.214947375,0.264583021,0.143962809,0.197947345,0.38646842,0.323124775,0.305506139
0,1,0.385418835,66.6,0.392836273,0.381201051,0.371446419,0.322196574,0.319941749,0.323244573,0.35348774,0.233924872,0.652988439,0.363695037,0.307464297,0.343663253,0.267167078,0.229066163,0.286388278,0.273173744,0.292339342,0.334115183,0.311288583
1,0,0.284252457,51.5,0.356376665,0.326545974,0.34848778,0.295749094,0.33197645,0.271264567,0.374252306,0.365796369,0.614972262,0.217302653,0.268054124,0.310180523,0.280757338,0.272682769,0.153721935,0.304749074,0.265259752,0.273374548,0.243923531
1,0,0.260037204,49.1,0.278643856,0.26956557,0.252226965,0.248731831,0.264318479,0.237084611,0.172447759,0.223230769,0.563053296,0.083147529,0.394619391,0.282155936,0.263959389,0.282831818,0.238823299,0.295083695,0.307621325,0.286097493,0.406880216
0,1,0.376509174,50.8,0.354315773,0.294132627,0.252972087,0.257924667,0.306192613,0.245929599,0.320248226,0.254800525,0.85473672,0.315657618,0.228773722,0.242323652,0.203845747,0.257220871,0.21897918,0.29787682,0.336331293,0.272007659,0.267520932
0,1,0.425920594,80.4,0.357125197,0.361660371,0.447289215,0.425002279,0.453878427,0.42219889,0.493927599,0.452572965,1.00880084,0.360702369,0.261870207,0.296689942,0.377113512,0.392209656,0.189372012,0.285863955,0.220938447,0.210807708,0.188200277
1,0,0.347398457,66.3,0.281683135,0.3760679,0.500775902,0.417134187,0.469942443,0.384398201,0.377296336,0.364927691,0.767966185,0.312536451,0.424735776,0.332976509,0.512904108,0.494854813,0.252858294,0.31809013,0.195655007,0.213477851,0.29895781
0,1,0.459998905,69.1,0.416466358,0.412140161,0.40426096,0.281399267,0.416969107,0.267981937,0.411980894,0.348681242,0.699676383,0.383837341,0.299681192,0.29584853,0.293211831,0.311053893,0.166775805,0.306816253,0.308528718,0.289363266,0.30329798
0,1,0.425250988,76.7,0.396985,0.401676866,0.418361205,0.510728536,0.389863925,0.419069669,0.357346573,0.357714487,0.694052757,0.268875889,0.371015413,0.338485876,0.324603467,0.307269904,0.334561162,0.376510753,0.289072213,0.306904223,0.348805046
0,1,0.429746023,71.5,0.499304513,0.413109074,0.40300641,0.456905554,0.400606205,0.418451801,0.445866963,0.362558219,0.705757928,0.322047719,0.273264359,0.315552703,0.23572564,0.239103044,0.292298648,0.329700297,0.316411226,0.310211788,0.27998471
1,0,0.39199473,50,0.35882387,0.245575785,0.278264313,0.287172557,0.385575001,0.28482029,0.284547114,0.264775638,0.448604343,0.209630392,0.307833044,0.209071684,0.238547161,0.344439977,0.249273606,0.30161304,0.274290081,0.172611988,0.26918192
0,1,0.454025958,86.8,0.477904865,0.522701027,0.466037526,0.489492521,0.428252946,0.458392616,0.483489362,0.585640653,1.070732672,0.559931268,0.30287887,0.355228201,0.306944532,0.283013232,0.160238094,0.326423252,0.36223025,0.388214343,0.348497002
0,1,0.448736548,56.7,0.470944576,0.410312731,0.390417495,0.450772979,0.365186293,0.432543254,0.450464501,0.320502894,0.73758736,0.358884152,0.265666575,0.347399774,0.254127251,0.239094947,0.336176703,0.318383001,0.334374932,0.349923387,0.281777023
0,1,0.444808545,55,0.394156007,0.362941857,0.395642204,0.435016076,0.354099737,0.428183978,0.368738903,0.395354141,0.701763377,0.331341605,0.351208178,0.367474117,0.322778058,0.293086563,0.25834915,0.310517523,0.287113465,0.31798668,0.31440956
0,1,0.442248618,64.7,0.470977741,0.456210828,0.388503982,0.467037246,0.429140671,0.551295975,0.431461668,0.345671744,1.042024182,0.511252078,0.28581209,0.287682105,0.258015154,0.298167799,0.329623361,0.235286009,0.386306004,0.33674882,0.345925092
1,0,0.362203844,43.9,0.384924753,0.287302272,0.316382489,0.272277171,0.344902255,0.329298262,0.279815238,0.249026391,0.601881549,0.39459928,0.371147752,0.298709561,0.265472651,0.298565335,0.263996687,0.250477562,0.292776487,0.257524515,0.333455993
1,0,0.377516915,57.5,0.433428828,0.414753777,0.400479177,0.371165129,0.44172103,0.401610189,0.434281902,0.343582008,0.74325197,0.237098707,0.299850042,0.29296916,0.302800919,0.346429913,0.26085446,0.283122719,0.340255381,0.294134861,0.310717654
0,1,0.433721231,70.6,0.421478974,0.395822638,0.457001811,0.455502506,0.437276424,0.400238294,0.457213655,0.4621811,0.880345693,0.434685225,0.334885966,0.354457724,0.365014815,0.356230898,0.230726211,0.370589895,0.27416737,0.283621228,0.276201892
0,1,0.480314726,56.7,0.407691842,0.37594092,0.323007838,0.447605785,0.287368451,0.40269444,0.347325679,0.278341796,0.591365759,0.343563754,0.311410003,0.378746494,0.261076098,0.235038159,0.397064223,0.362770663,0.388524707,0.418533432,0.363700246
1,0,0.414451604,60,0.408530033,0.430456337,0.434110849,0.379750842,0.457223462,0.38033906,0.354618775,0.327213782,0.620455869,0.434619819,0.425022519,0.318374477,0.362658555,0.392905388,0.290028458,0.32046906,0.331515031,0.302402672,0.414838611
0,1,0.489075633,73.2,0.424130092,0.456178104,0.434790012,0.431608508,0.407955055,0.41603186,0.400716873,0.31215468,0.785713838,0.367056432,0.377296116,0.370186571,0.352261204,0.336705315,0.351015212,0.338363623,0.357756939,0.373830349,0.39376177
0,1,0.53586884,78.2,0.454375294,0.487100594,0.499305929,0.51429812,0.558113135,0.492937259,0.525336668,0.371063145,0.977803896,0.449693147,0.322670749,0.295112406,0.384690197,0.445820828,0.360802988,0.34364908,0.329757215,0.274833735,0.310068931
1,0,0.442041283,54,0.392171473,0.34118287,0.486557285,0.321110476,0.491615108,0.318203876,0.414689688,0.234180211,0.835904837,0.393230626,0.42044726,0.343921552,0.435590046,0.451291951,0.343424173,0.333293255,0.213264143,0.204286761,0.273755686
1,0,0.446321292,55.7,0.351593249,0.427214517,0.427114013,0.340838957,0.453177621,0.336754848,0.434591099,0.373191085,0.762527369,0.344781188,0.343208839,0.325549738,0.424160915,0.461151454,0.227263755,0.336672564,0.346406427,0.313625278,0.341111047
0,1,0.495663811,56.7,0.486287413,0.420187976,0.455588924,0.487142087,0.421887219,0.382110813,0.4721354,0.337062627,0.735370842,0.539345815,0.337662281,0.387962037,0.329232632,0.308270374,0.382034542,0.443698139,0.31598892,0.338051667,0.303401718
0,1,0.524096506,55.8,0.468964981,0.509065557,0.386279285,0.338445753,0.396980478,0.400584269,0.358621792,0.254810176,0.462242211,0.257554876,0.385921417,0.344563945,0.286650464,0.30321679,0.343800403,0.27169041,0.476937719,0.45163036,0.512178012
0,1,0.501946997,73.2,0.502029369,0.464938992,0.454922413,0.496581387,0.421449748,0.401026396,0.436733958,0.417613598,0.868426692,0.407026435,0.376645979,0.393055758,0.321918305,0.301251618,0.316603625,0.436879782,0.363634999,0.385907668,0.383180608
0,1,0.471221421,57.2,0.425704615,0.388517303,0.424819279,0.455150283,0.401975337,0.430988154,0.502494383,0.425507916,0.864609525,0.388801776,0.288899857,0.385059988,0.362329785,0.350261788,0.281158686,0.364044454,0.321159295,0.333549244,0.256514207
0,1,0.527637847,57.8,0.447847953,0.54289259,0.440115309,0.476131779,0.448042225,0.459216438,0.473810253,0.380859686,0.708243218,0.435410355,0.331487216,0.355537207,0.359420264,0.375834277,0.339356281,0.358285383,0.459145923,0.438069566,0.426206208
1,0,0.482909992,55.8,0.394410862,0.443698258,0.452539274,0.339799726,0.517401495,0.326106439,0.504257051,0.3210521,0.821305328,0.371573051,0.318321251,0.305669968,0.424029591,0.49853298,0.285132761,0.362614349,0.353490564,0.288437617,0.309602835
1,0,0.378803923,43.8,0.322919869,0.346295318,0.260779813,0.297837529,0.302530828,0.361762015,0.325727182,0.358368103,0.620249258,0.313591323,0.29278354,0.316764781,0.304489741,0.358015002,0.218610352,0.277698323,0.470554657,0.40327719,0.38965263
0,1,0.516395863,66.6,0.515051782,0.501806419,0.492074608,0.440381722,0.441966729,0.437653115,0.474864365,0.33759949,0.876736827,0.470560701,0.389178403,0.423024269,0.356536905,0.322325109,0.360847367,0.352582855,0.376138942,0.413983312,0.395150658
1,0,0.415226027,51.5,0.47855938,0.447136576,0.469099054,0.413913798,0.453985368,0.38565509,0.495611699,0.469451194,0.838637715,0.32413554,0.349440287,0.389193195,0.369954957,0.365768999,0.227993044,0.383817784,0.348773692,0.3529594,0.32750215
1,0,0.391007316,49.1,0.400793787,0.390141408,0.372821326,0.366876095,0.386311338,0.35145712,0.293789922,0.326865806,0.786635844,0.18994765,0.475678926,0.360821794,0.352985133,0.375745653,0.312906903,0.373813463,0.390850579,0.365400072,0.490176338
0,1,0.507475829,50.8,0.476432928,0.414693703,0.373549538,0.376048494,0.428169414,0.360284095,0.441573161,0.358415776,1.078236393,0.422424981,0.309507942,0.320644217,0.292699946,0.349962631,0.292875752,0.3762691,0.419276832,0.351028966,0.350535512
0,1,0.556883791,80.4,0.479209586,0.482206687,0.567849758,0.543105673,0.575839173,0.536535377,0.615235309,0.556168435,1.23221767,0.467436985,0.342280416,0.374666731,0.465796498,0.484779659,0.263082025,0.363920192,0.303601238,0.289548742,0.270934265
1,0,0.478358196,66.3,0.403734765,0.496599458,0.621319539,0.53521715,0.591887135,0.498716681,0.498586823,0.468503384,0.991300201,0.41923833,0.504823274,0.410611029,0.60141621,0.587253377,0.326382218,0.395811765,0.278036014,0.291939605,0.381412157
0,1,0.590955187,69.1,0.538485239,0.532656962,0.524787694,0.399461804,0.538897748,0.382282413,0.533254161,0.452237161,0.922927617,0.490506493,0.379447275,0.373142285,0.381553378,0.403281335,0.24011411,0.384204721,0.390628901,0.367546731,0.38547363
0,1,0.556203813,76.7,0.51897114,0.522178912,0.538871038,0.62877065,0.511776517,0.533352144,0.478602622,0.461250636,0.91722124,0.375512324,0.45046137,0.415440361,0.412774788,0.399326541,0.407714317,0.453567481,0.370892529,0.384810385,0.43070294
0,1,0.560695391,71.5,0.621257921,0.533596367,0.523499345,0.574927249,0.52250275,0.532716278,0.567105797,0.466074602,0.928843689,0.428651447,0.352391476,0.392169407,0.323727063,0.330989193,0.36526712,0.406426708,0.39795263,0.387841632,0.361605788
1,0,0.522940641,50,0.480744555,0.366048327,0.398740352,0.405173837,0.507455501,0.399066772,0.405768734,0.368272259,0.671607414,0.316201424,0.3866426,0.28535209,0.326379013,0.436155953,0.322057862,0.37801055,0.355553523,0.249966493,0.350527117
0,1,0.584968412,86.8,0.599792836,0.64315882,0.586496672,0.607473389,0.550117403,0.572621105,0.604693772,0.689117516,1.293653083,0.666469613,0.381372139,0.431173786,0.394607141,0.37455935,0.232838598,0.40249327,0.443216678,0.465294486,0.42956725
0,1,0.579675545,56.7,0.592799842,0.530755776,0.510859749,0.568733438,0.48703471,0.546753754,0.571651703,0.423960002,0.960425142,0.46538982,0.343844828,0.423012007,0.341620942,0.330471523,0.408593921,0.394126932,0.415085289,0.426730141,0.362573253
0,1,0.575744085,55,0.515978576,0.483370156,0.516067569,0.55295613,0.475932115,0.542376491,0.489908899,0.498791498,0.924518561,0.437814606,0.429072677,0.442754461,0.410103157,0.38429391,0.330583542,0.385936764,0.367548694,0.394521015,0.394932696
0,1,0.573180701,64.7,0.592767622,0.576624383,0.508912461,0.584956898,0.550957013,0.665470504,0.552614461,0.449089354,1.264696798,0.617692423,0.363364096,0.362632016,0.345171986,0.38920623,0.401675391,0.310381952,0.466467042,0.413011702,0.426176059
1,0,0.493132471,43.9,0.506681955,0.407701085,0.436774083,0.390176425,0.466702563,0.44345481,0.400950831,0.352424257,0.824471627,0.501006978,0.448388518,0.373330491,0.352461539,0.389435163,0.335866813,0.325251594,0.372664269,0.333516906,0.41343571
1,0,0.508442085,57.5,0.55515336,0.535137849,0.520853889,0.489043989,0.563505306,0.515748759,0.555400296,0.446960134,0.965759542,0.343473768,0.376780817,0.367262552,0.389622188,0.437131451,0.332543143,0.357576219,0.419870838,0.369857721,0.390427038
0,1,0.564642944,70.6,0.543170845,0.516191971,0.577359644,0.573360976,0.55904467,0.514358888,0.578314853,0.565539491,1.102770789,0.541027659,0.411507995,0.428425016,0.451668788,0.446764457,0.302233909,0.444724237,0.35351143,0.359075513,0.355641857
0,1,0.611232983,56.7,0.529351059,0.496295517,0.443348794,0.565443867,0.409120668,0.516797061,0.468409684,0.381680455,0.81370841,0.449873572,0.387724525,0.452389117,0.347563096,0.325404051,0.468391392,0.436587214,0.467598295,0.493720095,0.442871703
1,0,0.545366404,60,0.530156607,0.550796199,0.55443493,0.49756854,0.578959653,0.494423712,0.475685589,0.430532712,0.842716105,0.54089703,0.501030768,0.391693856,0.4489789,0.483103922,0.361175554,0.393969184,0.41031907,0.377322662,0.493742467
0,1,0.619986977,73.2,0.54572403,0.576503233,0.55509722,0.549405826,0.529675222,0.530098545,0.521766498,0.415453886,1.00789169,0.473301046,0.45299932,0.443184125,0.438415219,0.426736802,0.42198269,0.411548676,0.436292347,0.448484611,0.472398929
0,1,0.666776728,78.2,0.575936606,0.607410991,0.619596267,0.63207506,0.679817281,0.60698598,0.646369108,0.47434263,1.199899394,0.555905175,0.398070134,0.367789548,0.470678201,0.535685578,0.431591302,0.416520412,0.408024909,0.349223213,0.388440295
1,0,0.572945715,54,0.513700167,0.461478538,0.606830756,0.438867044,0.613303235,0.432234635,0.535704944,0.337439979,1.057918011,0.499410077,0.495544044,0.416279688,0.521412359,0.540990272,0.414033774,0.405852212,0.291265035,0.278412394,0.351862153
1,0,0.577222268,55.7,0.473089334,0.547495457,0.547370618,0.458575155,0.57484973,0.450767649,0.555589173,0.476431139,0.984458251,0.450928073,0.418004237,0.397590269,0.509817856,0.550683653,0.297695095,0.408920483,0.424141426,0.387488,0.418953513
0,1,0.626561331,56.7,0.607750898,0.54045419,0.575828666,0.604857918,0.543543312,0.496105659,0.593116296,0.440282972,0.957219461,0.645460143,0.412157503,0.459686356,0.41472452,0.397636761,0.45228807,0.515636355,0.393458933,0.411652411,0.380981075
0,1,0.654990571,55.8,0.590395874,0.629317047,0.506502167,0.456141221,0.518620559,0.514561162,0.479585511,0.358010815,0.684008599,0.363636657,0.460117667,0.415973441,0.371977617,0.392417671,0.413876569,0.34332025,0.554143648,0.524970056,0.58949515
0,1,0.632837606,73.2,0.623427679,0.585175759,0.575128437,0.614256496,0.543073817,0.514985338,0.557680503,0.520794535,1.090110878,0.513075679,0.450544458,0.464151812,0.407081041,0.390287299,0.386502877,0.508202568,0.440577746,0.458987242,0.460236412
0,1,0.602108575,57.2,0.547070351,0.50873935,0.545008447,0.572805037,0.523583397,0.544929149,0.623423757,0.528669155,1.086211541,0.494818494,0.362501758,0.455843977,0.44732842,0.439132576,0.35088147,0.435061503,0.397839756,0.406369618,0.333309562
0,1,0.658521545,57.8,0.569181124,0.663099918,0.560287624,0.593766181,0.569634278,0.573139489,0.594722458,0.48400123,0.929763093,0.541394555,0.404793731,0.426010499,0.444255115,0.464540477,0.408903042,0.428998005,0.535564992,0.51063166,0.502741992
1,0,0.613790234,55.8,0.515711477,0.563890869,0.572694738,0.457413778,0.638977544,0.440011548,0.62515209,0.424173953,1.042743094,0.477524745,0.391333565,0.375833928,0.508700972,0.587074896,0.354503944,0.433023848,0.429649133,0.360742347,0.385879927
1,0,0.50968071,43.8,0.444187935,0.466473214,0.380918427,0.415431236,0.424090874,0.475649185,0.446605056,0.46147027,0.841604944,0.41951052,0.365502833,0.386620766,0.388997969,0.446392939,0.287806401,0.347806,0.546453613,0.475325468,0.465671904
0,1,0.647269195,66.6,0.636287309,0.621969601,0.612196376,0.557955088,0.563510775,0.551522349,0.595725078,0.440681973,1.098010464,0.576447411,0.461605852,0.492573632,0.440882293,0.41053937,0.429868723,0.422390003,0.45177917,0.485776049,0.470912985
1,0,0.546095904,51.5,0.599762377,0.567285047,0.589203978,0.531466826,0.575513415,0.499506392,0.616455252,0.572513998,1.059829333,0.429989773,0.421577062,0.458437281,0.45413782,0.453819889,0.296840148,0.453325692,0.424156076,0.424497501,0.4030084
1,0,0.521873738,49.1,0.521964262,0.510275169,0.492909409,0.484408788,0.507823388,0.465290491,0.414616318,0.429908934,1.007745474,0.295769416,0.547526195,0.429761943,0.437005783,0.463633473,0.381580196,0.443023413,0.465975996,0.436684441,0.565427375
0,1,0.638338796,50.8,0.597570891,0.534812757,0.493620781,0.493560856,0.54966547,0.474099539,0.562382403,0.461439232,1.299264066,0.52821429,0.381066866,0.389281763,0.376558696,0.437687682,0.361375672,0.445182368,0.494146158,0.422060503,0.425532199
0,1,0.687743303,80.4,0.600315044,0.602311034,0.687904164,0.660597708,0.697319237,0.650332896,0.736027399,0.659172223,1.453163415,0.573193847,0.413552152,0.443003002,0.54949366,0.572342244,0.33140901,0.432538052,0.378215346,0.360328342,0.345677462
1,0,0.609214253,66.3,0.524807728,0.616689101,0.741357111,0.652688861,0.71335121,0.612496278,0.619361764,0.571487507,1.212164049,0.524962755,0.575808975,0.478647349,0.684952096,0.674653796,0.394536705,0.464135482,0.352395774,0.362468164,0.45590272
0,1,0.721807789,69.1,0.659525715,0.652731902,0.644808434,0.516913195,0.660345835,0.496044092,0.654011955,0.555201624,1.143709598,0.596198491,0.45014809,0.440879969,0.464928297,0.49051989,0.308096533,0.452235557,0.464735181,0.437825138,0.459712414
0,1,0.687052961,76.7,0.639979138,0.642239152,0.658874948,0.746201724,0.633208618,0.647095907,0.599343271,0.564195442,1.137921384,0.481171905,0.520878441,0.48288072,0.495989052,0.48640353,0.475525112,0.521306691,0.444746192,0.454839528,0.504690795
0,1,0.691541084,71.5,0.74223345,0.653641908,0.643486427,0.692338009,0.643918867,0.646442127,0.687829303,0.568999755,1.149462028,0.534278621,0.422525942,0.459313747,0.406780981,0.417904916,0.43290672,0.473875542,0.471554537,0.457622394,0.435343563
1,0,0.65378288,50,0.601687624,0.48607917,0.518710609,0.522564287,0.628855636,0.512774711,0.526475101,0.471177762,0.892143977,0.4217962,0.456495595,0.352201709,0.409272894,0.522910708,0.389526698,0.445170252,0.428904533,0.319499756,0.424015657
0,1,0.715807196,86.8,0.720703453,0.763174968,0.706450106,0.724843532,0.671501559,0.686311136,0.725383002,0.792003373,1.514107901,0.772032002,0.450944794,0.497729978,0.477341293,0.461153437,0.300137102,0.469365081,0.516317646,0.534581126,0.502807398
0,1,0.710510875,56.7,0.713678015,0.65075723,0.630796363,0.686083279,0.608402888,0.66042588,0.692323797,0.526826217,1.180798245,0.570919831,0.413138266,0.48927606,0.424195672,0.416905237,0.475722523,0.460712085,0.487937068,0.495771035,0.435565847
0,1,0.706575961,55,0.636824315,0.603356918,0.635987365,0.670285671,0.597284318,0.656030715,0.610563861,0.601638076,1.144809978,0.543312251,0.49808802,0.508727658,0.492518774,0.47056755,0.397542671,0.452236488,0.440152132,0.463317034,0.467678575
0,1,0.704009123,64.7,0.713580935,0.696596456,0.628815441,0.702266144,0.672293243,0.779106829,0.673252293,0.551916297,1.484906561,0.723157709,0.432102459,0.428315633,0.427428795,0.475320092,0.468465475,0.37639747,0.538822987,0.481563714,0.498676055
1,0,0.623957439,43.9,0.627462851,0.52765847,0.556660249,0.507465378,0.588022821,0.557073239,0.521571535,0.45523157,1.044599766,0.606439916,0.516851013,0.438725799,0.434559848,0.475389543,0.402488279,0.390984125,0.444773563,0.401825777,0.485690654
1,0,0.639263599,57.5,0.675901848,0.655080548,0.640723244,0.606312653,0.684809595,0.629349294,0.676003875,0.54974782,1.185806086,0.448874369,0.444968552,0.432370817,0.471562301,0.522926643,0.398996416,0.423026976,0.491734323,0.437924313,0.462437759
0,1,0.695461004,70.6,0.663886933,0.636119985,0.697212191,0.690609354,0.680332992,0.627941532,0.698901309,0.668307553,1.32273577,0.646395933,0.479422072,0.493247498,0.533451009,0.532400757,0.368519413,0.509894428,0.425129944,0.426900686,0.427409181
0,1,0.74204759,56.7,0.650034756,0.616208848,0.563184535,0.682671963,0.530393026,0.630361818,0.58897902,0.484428898,1.033591857,0.555209527,0.455366042,0.516927069,0.429187731,0.410881753,0.534509552,0.501478041,0.538972673,0.561304704,0.514396452
1,0,0.676177558,60,0.650807922,0.670694849,0.674253867,0.614776358,0.700216049,0.607970583,0.596237807,0.533261539,1.062518049,0.646200677,0.568400819,0.455948529,0.530446252,0.56842332,0.427126792,0.458581846,0.481450144,0.444667561,0.565025461
0,1,0.750794677,73.2,0.666342971,0.696387204,0.674899355,0.666593369,0.650915657,0.643627535,0.642301601,0.518163101,1.22761216,0.578572396,0.520098995,0.507156762,0.51972559,0.511898189,0.487767427,0.475884363,0.507180947,0.51559065,0.543440985
0,1,0.797580974,78.2,0.696523182,0.727280285,0.739381603,0.749242332,0.801041757,0.72049709,0.766887097,0.577032237,1.419538422,0.661144236,0.464900518,0.431481386,0.551831895,0.620689246,0.497209958,0.480580314,0.478671861,0.416091239,0.459242228
1,0,0.703746508,54,0.634254387,0.581333156,0.726599295,0.556014048,0.734511755,0.545727868,0.656205823,0.440109981,1.277475626,0.60461686,0.562106217,0.47969196,0.602409678,0.625836514,0.479486769,0.469637509,0.361671162,0.345043251,0.422424774
1,0,0.708019608,55.7,0.593611207,0.667335401,0.667122363,0.575701895,0.696042296,0.564243009,0.676072944,0.579081541,1.203934483,0.556102587,0.484299277,0.460724202,0.5906591,0.635372761,0.362982848,0.472432354,0.49430755,0.453882531,0.489277631
0,1,0.757355218,56.7,0.728240432,0.660279462,0.695563619,0.721964397,0.664719926,0.609563147,0.713582961,0.542913777,1.176614341,0.750602399,0.47818648,0.522543171,0.495409991,0.482169024,0.517410997,0.578875971,0.463385871,0.477811453,0.451067496
0,1,0.785781005,55.8,0.710853077,0.749127649,0.62622033,0.573227443,0.639781222,0.628000782,0.600035073,0.460622027,0.903322157,0.468746665,0.52588165,0.478554355,0.452507615,0.476793381,0.478835086,0.406288778,0.623832217,0.590894444,0.659344677
0,1,0.763624587,73.2,0.743852561,0.704971693,0.694829812,0.731322464,0.664218533,0.628407093,0.678112964,0.623386157,1.309343144,0.618153448,0.51604451,0.526458036,0.487455864,0.474506746,0.4512974,0.57090117,0.510028757,0.524677808,0.529849847
0,1,0.732892102,57.2,0.66746292,0.628520617,0.664693038,0.689850754,0.644712167,0.658333041,0.743839119,0.631241191,1.305362545,0.599864034,0.427738939,0.517876717,0.527548369,0.523196049,0.415512413,0.497491336,0.46705402,0.471827192,0.402687702
0,1,0.78930162,57.8,0.689541389,0.78286652,0.679955431,0.710791651,0.690747104,0.686525522,0.715120724,0.586553685,1.148832865,0.646407877,0.469769096,0.487770956,0.524320487,0.548448264,0.473370817,0.491160222,0.604543315,0.575857068,0.571885633
1,0,0.744566857,55.8,0.636039446,0.683642808,0.692345765,0.574419006,0.760074428,0.553379724,0.745533263,0.52670683,1.261731664,0.582505857,0.456048163,0.437323296,0.588612066,0.670827287,0.418808964,0.494919596,0.49839232,0.425736412,0.454789861
1,0,0.64045388,43.8,0.564483618,0.586210492,0.500552676,0.532416224,0.545171818,0.588999507,0.566969137,0.563983571,1.060512343,0.524459433,0.429957713,0.447840235,0.468755081,0.529990221,0.351949076,0.40943642,0.614962465,0.540089012,0.534348921
0,1,0.778038912,66.6,0.756550714,0.74169222,0.73181385,0.674919839,0.684575781,0.66485482,0.716072071,0.543175704,1.316836721,0.681364135,0.525802054,0.553524387,0.520485721,0.493981831,0.493849463,0.483756234,0.520054487,0.550309888,0.539357873
1,0,0.676862169,51.5,0.719993512,0.686993008,0.708804678,0.648411344,0.696562486,0.612821013,0.736785158,0.674988161,1.278574478,0.534874318,0.485515626,0.519120502,0.533587859,0.537107814,0.360659362,0.514428866,0.492198652,0.488802451,0.471221942
1,0,0.65263655,49.1,0.642163136,0.629968475,0.612493338,0.601333077,0.628856526,0.578587267,0.534929141,0.532363534,1.226409538,0.400621791,0.611208154,0.490178803,0.51630273,0.546767149,0.445238292,0.503864657,0.533786626,0.500761313,0.633410354
0,1,0.769098156,50.8,0.717737513,0.654491408,0.613187942,0.61046492,0.670682677,0.587378472,0.682678144,0.563874273,1.517847078,0.633034506,0.44449325,0.449433433,0.455702845,0.520667396,0.424873057,0.505762806,0.561725632,0.485910106,0.493285395
0,1,0.818499212,80.4,0.720449422,0.721975033,0.807454559,0.777481549,0.818320515,0.763593989,0.856306061,0.761587708,1.671665406,0.677981913,0.476723987,0.502890644,0.628485305,0.65516828,0.394746089,0.492858801,0.445564453,0.423951483,0.413201651
1,0,0.73996671,66.3,0.644909871,0.736338449,0.860890742,0.769552483,0.83433656,0.725739534,0.739623349,0.67388344,1.430585049,0.62971868,0.638727283,0.538272123,0.763791531,0.757326439,0.457713882,0.524197656,0.419515298,0.425865645,0.523198676
0,1,0.852556794,69.1,0.779595633,0.772366602,0.764325303,0.633756601,0.78131526,0.609269513,0.774256466,0.657578009,1.362049637,0.700922286,0.512813887,0.500243028,0.543615817,0.573039422,0.371114214,0.512040263,0.531625905,0.50099776,0.526780908
0,1,0.817798513,76.7,0.760016838,0.761859205,0.778375058,0.863024919,0.754162121,0.760303496,0.71957071,0.666552282,1.356180492,0.58586358,0.583292742,0.541983214,0.574524948,0.568770238,0.538383698,0.580855034,0.511408897,0.517788088,0.571532597
0,1,0.822283185,71.5,0.862238941,0.773247316,0.76296978,0.837435465,0.764856449,0.759631888,0.808039674,0.671337054,1.367640234,0.638938186,0.484689755,0.518156819,0.485165545,0.500119081,0.495606612,0.53316862,0.537989999,0.520347687,0.501959438
1,0,0.784521529,50,0.743962771,0.605669935,0.638177208,0.661699029,0.7497773,0.625946646,0.646668404,0.573495524,1.110241312,0.526423664,0.518409926,0.410786498,0.487506418,0.604972613,0.452068298,0.504209161,0.495113527,0.382002574,0.490406369
0,1,0.846542394,86.8,0.866617252,0.882751091,0.825899952,0.871026771,0.792407306,0.799465248,0.84555924,0.894301602,1.732124394,0.876627376,0.512610644,0.556057618,0.555424069,0.543063363,0.36252081,0.528150908,0.582300944,0.596862259,0.568973708
0,1,0.841242621,56.7,0.869588644,0.809775914,0.750229459,0.844735103,0.729292721,0.773562171,0.812482974,0.707759994,1.410149578,0.7188683,0.474556632,0.547347679,0.50212799,0.498663467,0.537948736,0.519245917,0.553695439,0.557831268,0.501508514
0,1,0.837304255,55,0.79639292,0.759927201,0.755403714,0.828083658,0.718158238,0.769149189,0.730705978,0.791886491,1.37378189,0.689439238,0.559259896,0.56654438,0.570300923,0.552174363,0.459611788,0.510519404,0.505686343,0.525157151,0.533398354
0,1,0.834733966,64.7,0.87713307,0.857922495,0.748215045,0.861705447,0.793151253,0.892207488,0.793377353,0.735907288,1.716568577,0.880788178,0.493028834,0.485878577,0.505061066,0.55677577,0.530377892,0.434430547,0.604133802,0.543184495,0.5641737
1,0,0.754678831,43.9,0.801485751,0.680310419,0.676043111,0.656703054,0.708864923,0.733112909,0.64167954,0.627094845,1.272581685,0.763445834,0.577532873,0.496036079,0.512042528,0.556694365,0.464244392,0.448768433,0.509861744,0.463228001,0.550966916
1,0,0.76998154,57.5,0.853391759,0.814239654,0.760089365,0.760685027,0.805635791,0.812148502,0.796094828,0.733391263,1.414855254,0.594173775,0.505406877,0.489429541,0.548895679,0.60408089,0.460596619,0.48056358,0.556600629,0.499108755,0.527493386
0,1,0.826175494,70.6,0.840453373,0.794287411,0.816561573,0.849355652,0.801143284,0.810576997,0.818975212,0.866734717,1.552816885,0.806257734,0.539617839,0.550055771,0.610635374,0.613404707,0.429964101,0.567184392,0.489775131,0.487868118,0.492244919
0,1,0.872758629,56.7,0.82554459,0.773336031,0.682517182,0.840974872,0.651187416,0.813193187,0.709035875,0.659823653,1.261227168,0.708273802,0.515320226,0.573485991,0.506223368,0.491735683,0.595799116,0.558522422,0.603397495,0.622055896,0.579013044
1,0,0.806885146,60,0.826323381,0.830592687,0.793569781,0.769504906,0.820994539,0.788666943,0.716277617,0.714724021,1.290304373,0.805944957,0.628114389,0.512259193,0.607333449,0.64912751,0.503481259,0.515381695,0.545655351,0.50520328,0.629423647
0,1,0.881498815,73.2,0.842935897,0.857580474,0.794198538,0.823999668,0.77167825,0.827642503,0.762324368,0.697698896,1.456660765,0.733261734,0.579572916,0.563220258,0.596464632,0.592452915,0.565813354,0.532440731,0.571167289,0.57591166,0.607621504
0,1,0.928281661,78.2,0.875256631,0.890035212,0.858664057,0.910935956,0.921788454,0.911701752,0.886892824,0.763889701,1.650067823,0.821890285,0.524135752,0.4872988,0.628423068,0.701094785,0.575347042,0.536894242,0.542440083,0.476198301,0.523205816
1,0,0.859872183,54,0.808415135,0.736591446,0.845865023,0.725897429,0.878615763,0.726309495,0.776194512,0.609808339,1.506759447,0.761128748,0.621103722,0.535264371,0.678853266,0.706093142,0.556867988,0.525710038,0.425222009,0.404937125,0.486172164
1,0,0.864271251,55.7,0.764770779,0.826978908,0.786371367,0.747117715,0.839075474,0.746696499,0.796044598,0.766118642,1.432532423,0.708974421,0.543060007,0.516052686,0.66695539,0.715480754,0.436531069,0.528264518,0.557641762,0.513563972,0.552809553
0,1,0.91510604,56.7,0.909126005,0.819541005,0.814795901,0.904968478,0.806877743,0.796643543,0.833537582,0.725388762,1.404903885,0.91781062,0.536711386,0.5776288,0.571559264,0.562128658,0.595581441,0.6344688,0.526504187,0.537281215,0.51438468
0,1,0.944393769,55.8,0.890424117,0.912919668,0.745435893,0.744380494,0.781238258,0.816943946,0.719972663,0.632769132,1.129295939,0.683531017,0.584171678,0.533398193,0.528510155,0.556604931,0.578312143,0.467211053,0.686735372,0.650153278,0.722447847
0,1,0.931014953,73.2,0.925767971,0.86648088,0.814028658,0.915003895,0.806324295,0.817359208,0.798033525,0.815846194,1.538546188,0.861775793,0.574100602,0.581061145,0.563311955,0.554170485,0.54848571,0.633544486,0.584435972,0.596509101,0.619713794
0,1,0.899016352,57.2,0.84958434,0.786093047,0.783875169,0.870203041,0.786265617,0.850328517,0.863742655,0.824641983,1.53444745,0.839857408,0.485562035,0.572240153,0.603258292,0.602712251,0.509813446,0.598908389,0.540323088,0.542240793,0.486447261
0,1,0.957736819,57.8,0.873376044,0.948324563,0.79912085,0.892773975,0.833539517,0.881385642,0.835007236,0.774325794,1.37655466,0.895321624,0.52736013,0.541895772,0.599884524,0.627817203,0.571658771,0.59157178,0.680370706,0.648293538,0.663048964
1,0,0.91116114,55.8,0.815541317,0.893793807,0.811494474,0.74553281,0.904742202,0.734519546,0.865402754,0.706956139,1.490289775,0.818960703,0.513408067,0.491210539,0.664030498,0.750049235,0.512829854,0.595181544,0.571783961,0.511232595,0.540302307
1,0,0.802769921,43.8,0.738209867,0.785299119,0.619684678,0.700161039,0.683946885,0.773769333,0.68682161,0.748854765,1.287342809,0.749593246,0.487087414,0.501490948,0.544028189,0.60906545,0.440812714,0.502021143,0.690483972,0.63169314,0.62317971
0,1,0.945998127,66.6,0.945589675,0.958361251,0.850929146,0.853954964,0.827141899,0.857389951,0.835907527,0.725405647,1.545674393,0.93678332,0.582702477,0.606939607,0.595613785,0.572910613,0.592877109,0.582180058,0.633441009,0.642145407,0.628102693
1,0,0.840663632,51.5,0.947765098,0.92287512,0.827903272,0.825306991,0.839436914,0.799973995,0.856603601,0.873659077,1.507014362,0.776801157,0.54218769,0.586768386,0.608571158,0.61589042,0.473005661,0.614982665,0.60267459,0.611505182,0.556552461
1,0,0.815439091,49.1,0.869500996,0.857560434,0.731575231,0.774455417,0.769861276,0.762188755,0.654730572,0.713159855,1.454338315,0.613329662,0.667652777,0.556790638,0.591141543,0.625403851,0.568180854,0.603059879,0.6475691,0.624408158,0.725820108
0,1,0.936676776,50.8,0.955774447,0.885602363,0.732253136,0.78428044,0.81281144,0.771851747,0.802462567,0.748571455,1.748069224,0.896089386,0.500711343,0.514715497,0.53039745,0.599158462,0.544836661,0.604657063,0.677582533,0.618985931,0.659379726
0,1,0.988101056,80.4,0.960172061,0.962825154,0.926503057,0.964533757,0.964464902,0.966148946,0.976073477,0.970964731,1.903056895,0.950690809,0.53271646,0.569230256,0.703035981,0.733513981,0.510479291,0.590204814,0.632107037,0.590864863,0.563358225
1,0,0.992156527,66.3,0.961085399,0.97923462,0.979922547,0.968656608,0.980898893,0.969271455,0.978017818,0.972680292,1.89907077,0.952015688,0.694495041,0.605207589,0.838198555,0.835527045,0.58124437,0.623734856,0.620519717,0.592492596,0.693723734
